{"3bc88381-ec3f-4743-aaef-42ba3abb2596":{"MaxLife":10.0,"CurrentLife":10.0,"MaxBattery":100.0,"CurrentBattery":100.0,"xPos":159.6,"yPos":67.2,"zPos":0.0},"92b356a5-4c7d-4170-993e-6bf7c5fe81c7":{"MaxLife":10.0,"CurrentLife":1.0,"MaxBattery":100.0,"CurrentBattery":100.0,"xPos":65.71422,"yPos":98.36691,"zPos":0.0},"9b4b9144-f32f-4f1f-bd67-33933cec20c5":{"MaxLife":100.0,"CurrentLife":100.0,"MaxBattery":100.0,"CurrentBattery":100.0,"xPos":39.0058365,"yPos":5.02244854,"zPos":0.0}}